date,sp500,vix,consumer_sentiment,us_10y_yield,us_2y_yield,us_10y_breakeven,nfci,hy_oas
1990-01-31,,25.36,93.0,8.43,8.28,,0.063,
1990-02-28,,21.99,89.5,8.51,8.43,,0.051,
1990-03-31,,19.73,91.3,8.65,8.64,,0.077,
1990-04-30,,19.52,93.9,9.04,8.96,,0.11,
1990-05-31,,17.37,90.6,8.6,8.5,,-0.007,
1990-06-30,,15.5,88.3,8.43,8.24,,-0.155,
1990-07-31,,21.11,88.2,8.36,7.91,,-0.073,
1990-08-31,,29.9,76.4,8.86,8.07,,0.184,
1990-09-30,,29.11,72.8,8.82,8.02,,0.379,
1990-10-31,,30.04,63.9,8.65,7.77,,0.455,
1990-11-30,,22.16,66.0,8.26,7.53,,0.47,
1990-12-31,,26.38,65.5,8.08,7.15,,0.519,
1991-01-31,,20.91,66.8,8.03,7.05,,0.392,
1991-02-28,,21.23,70.4,8.02,7.04,,0.102,
1991-03-31,,16.88,87.7,8.05,7.02,,-0.149,
1991-04-30,,18.24,81.8,8.02,6.8,,-0.235,
1991-05-31,,15.93,78.3,8.06,6.68,,-0.237,
1991-06-30,,19.55,82.1,8.24,6.9,,-0.27,
1991-07-31,,15.18,82.9,8.2,6.81,,-0.415,
1991-08-31,,14.46,82.0,7.82,6.36,,-0.541,
1991-09-30,,15.85,83.0,7.47,5.99,,-0.561,
1991-10-31,,15.48,78.3,7.47,5.7,,-0.581,
1991-11-30,,20.26,69.1,7.38,5.38,,-0.628,
1991-12-31,,19.31,68.2,6.71,4.77,,-0.663,
1992-01-31,,17.4,67.5,7.31,5.11,,-0.657,
1992-02-29,,16.68,68.8,7.27,5.27,,-0.655,
1992-03-31,,16.18,76.0,7.54,5.6,,-0.683,
1992-04-30,,15.53,77.2,7.61,5.46,,-0.761,
1992-05-31,,13.86,79.2,7.33,5.19,,-0.859,
1992-06-30,,13.35,80.4,7.14,4.83,,-0.914,
1992-07-31,,13.17,76.6,6.72,4.42,,-0.936,
1992-08-31,,13.58,76.1,6.62,4.15,,-0.898,
1992-09-30,,14.28,75.6,6.37,3.8,,-0.804,
1992-10-31,,16.15,73.3,6.8,4.4,,-0.683,
1992-11-30,,13.01,85.3,6.95,4.79,,-0.735,
1992-12-31,,12.57,91.0,6.7,4.56,,-0.881,
1993-01-31,,12.42,89.3,6.39,4.2,,-0.957,
1993-02-28,,13.16,86.6,6.03,3.92,,-0.956,
1993-03-31,,12.53,85.9,6.03,3.96,,-0.975,
1993-04-30,,12.42,85.6,6.05,3.83,,-0.994,
1993-05-31,,13.47,80.3,6.16,4.24,,-0.982,
1993-06-30,,11.26,81.5,5.8,4.03,,-1.02,
1993-07-31,,11.73,77.0,5.83,4.13,,-1.091,
1993-08-31,,11.85,77.3,5.45,3.88,,-1.09,
1993-09-30,,12.99,77.9,5.4,3.89,,-1.051,
1993-10-31,,11.46,82.7,5.43,3.99,,-0.966,
1993-11-30,,13.76,81.2,5.83,4.22,,-0.937,
1993-12-31,,11.66,88.2,5.83,4.25,,-1.004,
1994-01-31,,10.63,94.3,5.7,4.12,,-1.012,
1994-02-28,,14.87,93.2,6.15,4.67,,-0.919,
1994-03-31,,20.45,91.5,6.77,5.21,,-0.791,
1994-04-30,,13.77,92.6,7.06,5.73,,-0.722,
1994-05-31,,13.03,92.8,7.17,6.01,,-0.722,
1994-06-30,,14.97,91.2,7.34,6.19,,-0.717,
1994-07-31,,11.13,89.0,7.12,5.99,,-0.77,
1994-08-31,,11.97,91.7,7.19,6.17,,-0.806,
1994-09-30,,14.28,91.5,7.62,6.62,,-0.694,
1994-10-31,,14.56,92.7,7.81,6.84,,-0.6,
1994-11-30,,15.95,91.6,7.91,7.4,,-0.503,
1994-12-31,,13.2,95.1,7.84,7.69,,-0.405,
1995-01-31,,11.96,97.6,7.6,7.26,,-0.505,
1995-02-28,,11.75,95.1,7.22,6.79,,-0.621,
1995-03-31,,13.37,90.3,7.2,6.8,,-0.639,
1995-04-30,,11.75,92.5,7.07,6.6,,-0.672,
1995-05-31,,12.85,89.8,6.3,5.89,,-0.712,
1995-06-30,,11.38,92.7,6.21,5.79,,-0.672,
1995-07-31,,13.49,94.4,6.45,5.88,,-0.68,
1995-08-31,,11.52,96.2,6.28,5.85,,-0.712,
1995-09-30,,12.74,88.9,6.17,5.83,,-0.698,
1995-10-31,,13.83,90.2,6.03,5.61,,-0.714,
1995-11-30,,11.58,88.2,5.76,5.36,,-0.752,
1995-12-31,,12.52,91.0,5.58,5.18,,-0.744,
1996-01-31,,12.53,89.3,5.6,4.93,,-0.793,
1996-02-29,,17.04,88.5,6.13,5.44,,-0.82,
1996-03-31,,18.88,93.7,6.34,5.79,,-0.719,
1996-04-30,,15.83,92.7,6.66,6.03,,-0.686,
1996-05-31,,16.07,89.4,6.85,6.27,,-0.717,
1996-06-30,,13.68,92.4,6.73,6.11,,-0.701,
1996-07-31,,19.46,94.7,6.8,6.22,,-0.711,
1996-08-31,,17.01,95.3,6.96,6.34,,-0.745,
1996-09-30,,16.95,94.7,6.72,6.1,,-0.732,
1996-10-31,,18.11,96.5,6.37,5.77,,-0.765,
1996-11-30,,17.14,99.2,6.06,5.59,,-0.771,
1996-12-31,,20.92,96.9,6.43,5.88,,-0.707,
1997-01-31,,19.47,97.4,6.53,5.94,,-0.71,
1997-02-28,,21.1,99.7,6.56,6.09,,-0.736,
1997-03-31,,22.14,100.0,6.92,6.45,,-0.691,
1997-04-30,,20.06,101.4,6.72,6.29,,-0.639,
1997-05-31,,19.19,103.2,6.67,6.22,,-0.628,
1997-06-30,,21.53,104.5,6.51,6.08,,-0.641,
1997-07-31,,21.48,107.1,6.02,5.74,,-0.657,
1997-08-31,,24.76,104.4,6.34,5.97,,-0.648,
1997-09-30,,22.91,106.0,6.12,5.8,,-0.613,
1997-10-31,,35.09,105.6,5.84,5.63,,-0.511,
1997-11-30,,27.43,107.2,5.86,5.76,,-0.473,
1997-12-31,,24.01,102.1,5.75,5.66,,-0.513,
1998-01-31,,21.47,106.6,5.53,5.32,,-0.598,
1998-02-28,,18.55,110.4,5.62,5.55,,-0.639,
1998-03-31,,24.22,106.5,5.67,5.6,,-0.626,
1998-04-30,,21.18,108.7,5.68,5.59,,-0.604,
1998-05-31,,21.32,106.5,5.56,5.53,,-0.571,
1998-06-30,,19.71,105.6,5.44,5.49,,-0.556,
1998-07-31,,24.8,105.2,5.5,5.49,,-0.51,
1998-08-31,,44.28,104.4,5.05,4.91,,-0.314,
1998-09-30,,40.95,100.9,4.44,4.3,,-0.069,
1998-10-31,,28.05,97.4,4.64,4.12,,-0.006,
1998-11-30,,26.01,102.7,4.74,4.54,,-0.115,
1998-12-31,,24.42,100.5,4.65,4.54,,-0.191,
1999-01-31,,26.25,103.9,4.66,4.58,,-0.273,
1999-02-28,,27.88,108.1,5.29,5.13,,-0.353,
1999-03-31,,23.26,105.7,5.25,4.99,,-0.404,
1999-04-30,,25.07,104.6,5.36,5.08,,-0.425,
1999-05-31,,25.39,106.8,5.64,5.42,,-0.401,
1999-06-30,,21.09,107.3,5.81,5.53,,-0.331,
1999-07-31,,24.64,106.0,5.92,5.63,,-0.211,
1999-08-31,,24.45,104.5,5.98,5.73,,-0.149,
1999-09-30,,25.41,107.2,5.9,5.63,,-0.1,
1999-10-31,,22.2,103.2,6.02,5.79,,-0.111,
1999-11-30,,24.18,107.2,6.18,6.01,,-0.168,
1999-12-31,,24.64,105.4,6.45,6.24,,-0.172,
2000-01-31,,24.95,112.0,6.68,6.61,,-0.21,
2000-02-29,,23.37,111.3,6.42,6.53,,-0.189,
2000-03-31,,24.11,107.1,6.03,6.5,,-0.088,
2000-04-30,,26.2,109.2,6.23,6.68,,-0.032,
2000-05-31,,23.65,110.7,6.29,6.69,,0.025,
2000-06-30,,19.54,106.4,6.03,6.38,,-0.001,
2000-07-31,,20.74,108.3,6.04,6.3,,-0.115,
2000-08-31,,16.84,107.3,5.73,6.18,,-0.198,
2000-09-30,,20.57,106.8,5.8,5.98,,-0.196,
2000-10-31,,23.63,105.8,5.77,5.94,,-0.167,
2000-11-30,,29.65,107.6,5.48,5.61,,-0.106,
2000-12-31,,26.85,98.4,5.12,5.11,,-0.09,
2001-01-31,,22.02,94.7,5.19,4.62,,-0.224,
2001-02-28,,28.35,90.6,4.92,4.41,,-0.277,
2001-03-31,,28.64,91.5,4.93,4.18,,-0.253,
2001-04-30,,25.48,88.4,5.35,4.3,,-0.333,
2001-05-31,,22.64,92.0,5.43,4.22,,-0.422,
2001-06-30,,19.06,92.6,5.42,4.25,,-0.459,
2001-07-31,,21.62,92.4,5.07,3.79,,-0.498,
2001-08-31,,24.92,91.5,4.85,3.64,,-0.43,
2001-09-30,,31.93,81.8,4.6,2.86,,-0.336,
2001-10-31,,33.56,82.7,4.3,2.44,,-0.381,
2001-11-30,,23.84,83.9,4.78,2.84,,-0.372,
2001-12-31,,23.8,88.8,5.07,3.07,,-0.37,
2002-01-31,,21.09,93.0,5.07,3.16,,-0.461,
2002-02-28,,21.59,90.7,4.88,3.06,,-0.49,
2002-03-31,,17.4,95.7,5.42,3.72,,-0.502,
2002-04-30,,21.91,93.0,5.11,3.24,,-0.579,
2002-05-31,,19.98,96.9,5.08,3.22,,-0.623,
2002-06-30,,25.4,92.4,4.86,2.9,,-0.537,
2002-07-31,,32.03,88.1,4.51,2.23,,-0.438,
2002-08-31,,32.64,87.6,4.14,2.14,,-0.388,
2002-09-30,,39.69,86.1,3.63,1.72,,-0.352,
2002-10-31,,31.14,80.6,3.93,1.68,,-0.385,
2002-11-30,,27.5,84.2,4.22,2.08,,-0.453,
2002-12-31,,28.62,86.7,3.83,1.61,,-0.47,
2003-01-31,,31.17,82.4,4.0,1.72,1.81,-0.523,
2003-02-28,,29.63,79.9,3.71,1.53,1.94,-0.536,
2003-03-31,,29.15,77.6,3.83,1.51,1.8,-0.587,
2003-04-30,,21.21,86.0,3.89,1.51,1.73,-0.682,
2003-05-31,,19.47,92.1,3.37,1.33,1.6,-0.711,
2003-06-30,,19.52,89.7,3.54,1.32,1.64,-0.712,
2003-07-31,,19.49,90.9,4.49,1.8,2.08,-0.71,
2003-08-31,,18.63,89.3,4.45,1.95,2.16,-0.668,
2003-09-30,,22.72,87.7,3.96,1.5,2.01,-0.681,
2003-10-31,,16.1,89.6,4.33,1.85,2.4,-0.715,
2003-11-30,,16.32,93.7,4.34,2.06,2.31,-0.714,
2003-12-31,,18.31,92.6,4.27,1.84,2.27,-0.723,
2004-01-31,,16.63,103.8,4.16,1.84,2.31,-0.786,
2004-02-29,,14.55,94.4,3.99,1.66,2.38,-0.814,
2004-03-31,,16.74,95.8,3.86,1.6,2.38,-0.802,
2004-04-30,,17.19,94.2,4.53,2.31,2.42,-0.74,
2004-05-31,,15.5,90.2,4.66,2.54,2.66,-0.695,
2004-06-30,,14.34,95.6,4.62,2.7,2.52,-0.686,
2004-07-31,,15.32,96.7,4.5,2.68,2.49,-0.696,
2004-08-31,,15.29,95.9,4.13,2.41,2.35,-0.701,
2004-09-30,,13.34,94.2,4.14,2.63,2.37,-0.7,
2004-10-31,,16.27,91.7,4.05,2.56,2.42,-0.705,
2004-11-30,,13.24,92.8,4.36,3.02,2.61,-0.715,
2004-12-31,,13.29,97.1,4.24,3.08,2.56,-0.697,
2005-01-31,,12.82,95.5,4.14,3.29,2.49,-0.703,
2005-02-28,,12.08,94.1,4.36,3.59,2.66,-0.71,
2005-03-31,,14.02,92.6,4.5,3.8,2.71,-0.665,
2005-04-30,,15.31,87.7,4.21,3.66,2.6,-0.61,
2005-05-31,,13.29,86.9,4.0,3.6,2.37,-0.599,
2005-06-30,,12.04,96.0,3.94,3.66,2.27,-0.603,
2005-07-31,,11.57,96.5,4.28,4.02,2.36,-0.614,
2005-08-31,,12.6,89.1,4.02,3.84,2.37,-0.599,
2005-09-30,,11.92,76.9,4.34,4.18,2.56,-0.567,
2005-10-31,,15.32,74.2,4.57,4.4,2.57,-0.584,
2005-11-30,,12.06,81.6,4.49,4.42,2.37,-0.581,
2005-12-31,,12.07,91.5,4.39,4.41,2.33,-0.563,
2006-01-31,,12.95,91.2,4.53,4.54,2.53,-0.603,
2006-02-28,,12.34,86.7,4.55,4.69,2.53,-0.633,
2006-03-31,,11.39,88.9,4.86,4.82,2.51,-0.628,
2006-04-30,,11.59,87.4,5.07,4.87,2.68,-0.619,
2006-05-31,,16.44,79.1,5.12,5.04,2.64,-0.582,
2006-06-30,,13.08,84.9,5.15,5.16,2.61,-0.529,
2006-07-31,,14.95,84.7,4.99,4.97,2.58,-0.559,
2006-08-31,,12.31,82.0,4.74,4.79,2.5,-0.603,
2006-09-30,,11.98,85.4,4.64,4.71,2.37,-0.606,
2006-10-31,,11.1,93.6,4.61,4.71,2.27,-0.628,
2006-11-30,,10.91,92.1,4.46,4.62,2.3,-0.627,
2006-12-31,,11.56,91.7,4.71,4.82,2.3,-0.633,
2007-01-31,,10.42,96.9,4.83,4.94,2.43,-0.68,
2007-02-28,,15.42,91.3,4.56,4.65,2.36,-0.662,
2007-03-31,,14.64,88.4,4.65,4.58,2.44,-0.606,
2007-04-30,,14.22,87.1,4.63,4.6,2.43,-0.588,
2007-05-31,,13.05,88.3,4.9,4.92,2.36,-0.553,
2007-06-30,,16.23,85.3,5.03,4.87,2.38,-0.521,
2007-07-31,,23.52,90.4,4.78,4.56,2.34,-0.29,
2007-08-31,,23.38,83.4,4.54,4.15,2.2,0.205,
2007-09-30,,18.0,83.4,4.59,3.97,2.32,0.077,
2007-10-31,,18.53,80.9,4.48,3.94,2.34,0.0,
2007-11-30,,22.87,76.1,3.97,3.04,2.34,0.481,
2007-12-31,,22.5,75.5,4.04,3.05,2.31,0.522,
2008-01-31,,26.2,78.4,3.67,2.17,2.34,0.417,
2008-02-29,,26.54,70.8,3.53,1.65,2.43,0.793,
2008-03-31,,25.61,69.5,3.45,1.62,2.34,0.947,
2008-04-30,,20.79,62.6,3.77,2.29,2.27,0.651,
2008-05-31,,17.83,59.8,4.06,2.66,2.48,0.506,
2008-06-30,,23.95,56.4,3.99,2.63,2.51,0.714,
2008-07-31,,22.94,61.2,3.99,2.52,2.34,0.717,
2008-08-31,,20.65,63.0,3.83,2.36,2.15,0.842,
2008-09-30,,39.39,70.3,3.85,2.0,1.6,1.791,
2008-10-31,,59.89,57.6,4.01,1.56,0.87,2.786,
2008-11-30,,55.84,55.3,2.93,1.0,0.33,3.066,
2008-12-31,,40.0,60.1,2.25,0.76,0.11,2.712,
2009-01-31,,44.84,61.2,2.87,0.94,1.14,2.136,
2009-02-28,,46.35,56.3,3.02,1.0,0.96,2.141,
2009-03-31,,44.14,57.3,2.71,0.81,1.28,1.93,
2009-04-30,,36.5,65.1,3.16,0.91,1.47,1.384,
2009-05-31,,28.92,68.7,3.47,0.92,1.8,0.879,
2009-06-30,,26.35,70.8,3.53,1.11,1.75,0.728,
2009-07-31,,25.92,66.0,3.52,1.13,1.81,0.42,
2009-08-31,,26.01,65.7,3.4,0.97,1.64,0.233,
2009-09-30,,25.61,73.5,3.31,0.95,1.75,0.105,
2009-10-31,,30.69,70.6,3.41,0.9,2.0,0.024,
2009-11-30,,24.51,67.4,3.21,0.67,2.08,-0.029,
2009-12-31,,21.68,72.5,3.85,1.14,2.37,-0.149,
2010-01-31,,24.62,74.4,3.63,0.82,2.33,-0.198,
2010-02-28,,19.5,73.6,3.61,0.81,2.13,-0.243,
2010-03-31,,17.59,73.6,3.84,1.02,2.24,-0.415,
2010-04-30,,22.05,72.2,3.69,0.97,2.4,-0.349,
2010-05-31,,32.07,73.6,3.31,0.76,1.99,-0.068,
2010-06-30,,34.54,76.0,2.97,0.61,1.82,-0.07,
2010-07-31,,23.5,67.8,2.94,0.55,1.8,-0.244,
2010-08-31,,26.05,68.9,2.47,0.47,1.52,-0.267,
2010-09-30,,23.7,68.2,2.53,0.42,1.78,-0.33,
2010-10-31,,21.2,67.7,2.63,0.34,2.13,-0.432,
2010-11-30,,23.54,71.6,2.81,0.45,2.07,-0.449,
2010-12-31,,17.75,74.5,3.3,0.61,2.3,-0.523,
2011-01-31,,19.53,74.2,3.42,0.58,2.34,-0.594,
2011-02-28,,18.35,77.5,3.42,0.69,2.39,-0.574,
2011-03-31,,17.74,67.5,3.47,0.8,2.48,-0.549,
2011-04-30,,14.75,69.8,3.32,0.61,2.57,-0.6,
2011-05-31,,15.45,74.3,3.05,0.45,2.25,-0.561,
2011-06-30,,16.52,71.5,3.18,0.45,2.43,-0.519,
2011-07-31,,25.25,63.7,2.82,0.36,2.44,-0.394,
2011-08-31,,31.62,55.8,2.23,0.2,2.05,-0.136,
2011-09-30,,42.96,59.5,1.92,0.25,1.75,-0.038,
2011-10-31,,29.96,60.8,2.17,0.25,2.09,-0.103,
2011-11-30,,27.8,63.7,2.08,0.25,2.05,-0.072,
2011-12-31,,23.4,69.9,1.89,0.25,1.96,-0.149,
2012-01-31,,19.44,75.0,1.83,0.22,2.11,-0.324,
2012-02-29,,18.43,75.3,1.98,0.3,2.26,-0.408,
2012-03-31,,15.5,76.2,2.23,0.33,2.32,-0.436,
2012-04-30,,17.15,76.4,1.95,0.27,2.25,-0.378,
2012-05-31,,24.06,79.3,1.59,0.27,2.09,-0.26,
2012-06-30,,17.08,73.2,1.67,0.33,2.13,-0.275,
2012-07-31,,18.93,72.3,1.51,0.23,2.2,-0.367,
2012-08-31,,17.47,74.3,1.57,0.22,2.25,-0.462,
2012-09-30,,15.73,78.3,1.65,0.23,2.42,-0.529,
2012-10-31,,18.6,82.6,1.72,0.3,2.5,-0.55,
2012-11-30,,15.87,82.7,1.62,0.25,2.41,-0.556,
2012-12-31,,18.02,72.9,1.78,0.25,2.45,-0.6,
2013-01-31,,14.28,73.8,2.02,0.27,2.59,-0.644,
2013-02-28,,15.51,77.6,1.89,0.25,2.53,-0.651,
2013-03-31,,12.7,78.6,1.87,0.25,2.51,-0.665,
2013-04-30,,13.52,76.4,1.7,0.22,2.34,-0.706,
2013-05-31,,16.3,84.5,2.16,0.3,2.21,-0.692,
2013-06-30,,16.86,84.1,2.52,0.36,1.99,-0.63,
2013-07-31,,13.45,85.1,2.6,0.31,2.22,-0.661,
2013-08-31,,17.01,82.1,2.78,0.39,2.1,-0.665,
2013-09-30,,16.6,77.5,2.64,0.33,2.19,-0.678,
2013-10-31,,13.75,73.2,2.57,0.31,2.17,-0.727,
2013-11-30,,13.7,75.1,2.75,0.28,2.15,-0.77,
2013-12-31,,13.72,82.5,3.04,0.38,2.24,-0.78,
2014-01-31,,18.41,81.2,2.67,0.34,2.14,-0.764,
2014-02-28,,14.0,81.6,2.66,0.33,2.17,-0.777,
2014-03-31,,13.88,80.0,2.73,0.44,2.13,-0.777,
2014-04-30,,13.41,84.1,2.67,0.42,2.18,-0.769,
2014-05-31,,11.4,81.9,2.48,0.37,2.22,-0.79,
2014-06-30,,11.57,82.5,2.53,0.47,2.26,-0.784,
2014-07-31,,16.95,81.8,2.58,0.53,2.29,-0.739,
2014-08-31,,11.98,82.5,2.35,0.48,2.12,-0.722,
2014-09-30,,16.31,84.6,2.52,0.58,1.97,-0.673,
2014-10-31,,14.03,86.9,2.35,0.5,1.92,-0.644,
2014-11-30,,13.33,88.8,2.18,0.47,1.79,-0.649,
2014-12-31,,19.2,93.6,2.17,0.67,1.68,-0.571,
2015-01-31,,20.97,98.1,1.68,0.47,1.65,-0.506,
2015-02-28,,13.34,95.4,2.0,0.63,1.83,-0.531,
2015-03-31,,15.29,93.0,1.94,0.56,1.76,-0.549,
2015-04-30,,14.55,95.9,2.05,0.58,1.94,-0.557,
2015-05-31,,13.84,90.7,2.12,0.61,1.8,-0.554,
2015-06-30,,18.23,96.1,2.35,0.64,1.87,-0.545,
2015-07-31,,12.12,93.1,2.2,0.67,1.74,-0.502,
2015-08-31,,28.43,91.9,2.21,0.74,1.63,-0.412,
2015-09-30,,24.5,87.2,2.06,0.64,1.41,-0.397,
2015-10-31,,15.07,90.0,2.16,0.75,1.53,-0.465,
2015-11-30,,16.13,91.3,2.21,0.94,1.59,-0.44,
2015-12-31,,18.21,92.6,2.27,1.06,1.54,-0.35,
2016-01-31,,20.2,92.0,1.94,0.76,1.41,-0.276,
2016-02-29,,20.55,91.7,1.74,0.78,1.42,-0.299,
2016-03-31,,13.95,91.0,1.78,0.73,1.62,-0.368,
2016-04-30,,15.7,89.0,1.83,0.77,1.71,-0.387,
2016-05-31,,14.19,94.7,1.84,0.87,1.54,-0.373,
2016-06-30,2098.86,15.63,93.5,1.49,0.58,1.4,-0.35,
2016-07-31,2173.6,11.87,90.0,1.46,0.67,1.49,-0.368,
2016-08-31,2170.95,13.42,89.8,1.58,0.8,1.47,-0.364,
2016-09-30,2168.27,13.29,91.2,1.6,0.77,1.6,-0.346,
2016-10-31,2126.15,17.06,87.2,1.84,0.86,1.73,-0.387,
2016-11-30,2198.81,13.33,93.8,2.37,1.11,1.94,-0.437,
2016-12-31,2238.83,14.04,98.2,2.45,1.2,1.95,-0.474,
2017-01-31,2278.87,11.99,98.5,2.45,1.19,2.05,-0.493,
2017-02-28,2363.64,12.92,96.3,2.36,1.22,2.02,-0.494,
2017-03-31,2362.72,12.37,96.9,2.4,1.27,1.97,-0.487,
2017-04-30,2384.2,10.82,97.0,2.29,1.28,1.92,-0.513,
2017-05-31,2411.8,10.41,97.1,2.21,1.28,1.81,-0.551,
2017-06-30,2423.41,11.18,95.0,2.31,1.38,1.73,-0.574,
2017-07-31,2470.3,10.26,93.4,2.3,1.34,1.82,-0.582,
2017-08-31,2471.65,10.59,96.8,2.12,1.33,1.76,-0.564,
2017-09-30,2519.36,9.51,95.1,2.33,1.47,1.84,-0.573,
2017-10-31,2575.26,10.18,100.7,2.38,1.6,1.88,-0.599,
2017-11-30,2647.58,11.28,98.5,2.42,1.78,1.86,-0.607,
2017-12-31,2673.61,11.04,95.9,2.4,1.89,1.96,-0.619,
2018-01-31,2823.81,13.54,95.7,2.72,2.14,2.11,-0.609,
2018-02-28,2713.83,19.85,99.7,2.87,2.25,2.12,-0.547,
2018-03-31,2640.87,19.97,101.4,2.74,2.27,2.05,-0.5,
2018-04-30,2648.05,15.93,98.8,2.95,2.49,2.17,-0.542,
2018-05-31,2705.27,15.43,98.0,2.83,2.4,2.07,-0.567,
2018-06-30,2718.37,16.09,98.2,2.85,2.52,2.11,-0.541,
2018-07-31,2816.29,12.83,97.9,2.96,2.67,2.12,-0.564,
2018-08-31,2901.52,12.86,96.2,2.86,2.62,2.08,-0.599,
2018-09-30,2913.98,12.12,100.1,3.05,2.81,2.14,-0.593,
2018-10-31,2711.74,21.23,98.6,3.15,2.87,2.05,-0.551,
2018-11-30,2760.17,18.07,97.5,3.01,2.8,1.97,-0.46,
2018-12-31,2506.85,25.42,98.3,2.69,2.48,1.71,-0.425,
2019-01-31,2704.1,16.57,91.2,2.63,2.45,1.85,-0.504,
2019-02-28,2784.49,14.78,93.8,2.73,2.52,1.95,-0.578,
2019-03-31,2834.4,13.71,98.4,2.41,2.27,1.88,-0.603,
2019-04-30,2945.83,13.12,97.2,2.51,2.27,1.95,-0.611,
2019-05-31,2752.06,18.71,100.0,2.14,1.95,1.74,-0.577,
2019-06-30,2941.76,15.08,98.2,2.0,1.75,1.69,-0.572,
2019-07-31,2980.38,16.12,98.4,2.02,1.89,1.76,-0.573,
2019-08-31,2926.46,18.98,89.8,1.5,1.5,1.55,-0.523,
2019-09-30,2976.74,16.24,93.2,1.68,1.63,1.53,-0.508,
2019-10-31,3037.56,13.22,95.5,1.69,1.52,1.54,-0.546,
2019-11-30,3140.98,12.62,96.8,1.78,1.61,1.61,-0.567,
2019-12-31,3230.78,13.78,99.3,1.92,1.58,1.77,-0.551,
2020-01-31,3225.52,18.84,99.8,1.51,1.33,1.65,-0.617,
2020-02-29,2954.22,40.11,101.0,1.13,0.86,1.41,-0.294,
2020-03-31,2584.59,53.54,89.1,0.7,0.23,0.87,0.269,
2020-04-30,2912.43,34.15,71.8,0.64,0.2,1.07,0.157,
2020-05-31,3044.31,27.51,72.3,0.65,0.16,1.15,-0.269,
2020-06-30,3100.29,30.43,78.1,0.66,0.16,1.34,-0.385,
2020-07-31,3271.12,24.46,72.5,0.55,0.11,1.55,-0.475,
2020-08-31,3500.31,26.41,74.1,0.72,0.14,1.8,-0.507,
2020-09-30,3363.0,26.37,80.4,0.69,0.13,1.63,-0.492,
2020-10-31,3269.96,38.02,81.8,0.88,0.14,1.7,-0.506,
2020-11-30,3621.63,20.57,76.9,0.84,0.16,1.77,-0.567,
2020-12-31,3756.07,22.75,80.7,0.93,0.13,1.99,-0.603,
2021-01-31,3714.24,33.09,79.0,1.11,0.11,2.13,-0.618,
2021-02-28,3811.15,27.95,76.8,1.44,0.14,2.15,-0.626,
2021-03-31,3972.89,19.4,84.9,1.74,0.16,2.37,-0.648,
2021-04-30,4181.17,18.61,88.3,1.65,0.16,2.41,-0.681,
2021-05-31,4204.11,16.76,82.9,1.58,0.14,2.42,-0.692,
2021-06-30,4297.5,15.83,85.5,1.45,0.25,2.32,-0.685,
2021-07-31,4395.26,18.24,81.2,1.24,0.19,2.4,-0.654,
2021-08-31,4522.68,16.48,70.3,1.3,0.2,2.33,-0.646,
2021-09-30,4307.54,23.14,72.8,1.52,0.28,2.37,-0.652,
2021-10-31,4605.38,16.26,71.7,1.55,0.48,2.51,-0.621,
2021-11-30,4567.0,27.19,67.4,1.43,0.52,2.5,-0.55,
2021-12-31,4766.18,17.22,70.6,1.52,0.73,2.56,-0.555,
2022-01-31,4515.55,24.83,67.2,1.79,1.18,2.44,-0.54,
2022-02-28,4373.94,30.15,62.8,1.83,1.44,2.62,-0.437,
2022-03-31,4530.41,20.56,59.4,2.32,2.28,2.84,-0.372,
2022-04-30,4131.93,33.4,65.2,2.89,2.7,2.88,-0.335,
2022-05-31,4132.15,26.19,58.4,2.85,2.53,2.64,-0.257,
2022-06-30,3785.38,28.71,50.0,2.98,2.92,2.33,-0.17,
2022-07-31,4130.29,21.33,51.5,2.67,2.89,2.53,-0.217,
2022-08-31,3955.0,25.87,58.2,3.15,3.45,2.48,-0.224,
2022-09-30,3585.62,31.62,58.6,3.83,4.22,2.15,-0.105,
2022-10-31,3871.98,25.88,59.9,4.1,4.51,2.52,-0.124,
2022-11-30,4080.11,20.58,56.7,3.68,4.38,2.34,-0.18,
2022-12-31,3839.5,21.67,59.8,3.88,4.41,2.3,-0.222,
2023-01-31,4076.6,19.4,64.9,3.52,4.21,2.24,-0.306,
2023-02-28,3970.15,20.7,66.9,3.92,4.81,2.43,-0.269,
2023-03-31,4109.31,18.7,62.0,3.48,4.06,2.32,-0.152,
2023-04-30,4169.48,15.78,63.7,3.44,4.04,2.18,-0.19,
2023-05-31,4179.83,17.94,59.0,3.64,4.4,2.18,-0.212,
2023-06-30,4450.38,13.59,64.2,3.81,4.87,2.22,-0.227,4.05
2023-07-31,4588.96,13.63,71.5,3.97,4.88,2.37,-0.279,3.79
2023-08-31,4507.66,13.57,69.4,4.09,4.85,2.24,-0.332,3.85
2023-09-30,4288.05,17.52,67.8,4.59,5.03,2.35,-0.311,4.03
2023-10-31,4193.8,18.14,63.8,4.88,5.07,2.42,-0.284,4.42
2023-11-30,4567.8,12.92,61.3,4.37,4.73,2.23,-0.32,3.84
2023-12-31,4769.83,12.45,69.7,3.88,4.23,2.16,-0.365,3.39
2024-01-31,4845.65,14.35,79.0,3.99,4.27,2.26,-0.395,3.59
2024-02-29,5096.27,13.4,76.9,4.25,4.64,2.33,-0.425,3.29
2024-03-31,5254.35,13.01,79.4,4.2,4.59,2.32,-0.43,3.15
2024-04-30,5035.69,15.65,77.2,4.69,5.04,2.41,-0.411,3.18
2024-05-31,5277.51,12.92,69.1,4.51,4.89,2.35,-0.407,3.2
2024-06-30,5460.48,12.44,68.2,4.36,4.71,2.28,-0.379,3.21
2024-07-31,5522.3,16.36,66.4,4.09,4.29,2.24,-0.36,3.25
2024-08-31,5648.4,15.0,67.9,3.91,3.91,2.15,-0.39,3.17
2024-09-30,5762.48,16.73,70.1,3.81,3.66,2.18,-0.426,3.03
2024-10-31,5705.45,23.16,70.5,4.28,4.16,2.33,-0.443,2.88
2024-11-30,6032.38,13.51,71.8,4.18,4.13,2.26,-0.473,2.74
2024-12-31,5881.63,17.35,74.0,4.58,4.25,2.34,-0.482,2.92
2025-01-31,6040.53,16.43,71.7,4.58,4.22,2.42,-0.506,2.68
2025-02-28,5954.5,19.63,64.7,4.24,3.99,2.38,-0.478,2.87
2025-03-31,5611.85,22.28,57.0,4.23,3.89,2.38,-0.408,3.55
2025-04-30,5569.06,24.7,52.2,4.17,3.6,2.23,-0.389,3.94
2025-05-31,5911.69,18.57,52.2,4.41,3.89,2.34,-0.464,3.32
2025-06-30,6204.95,16.73,60.7,4.24,3.72,2.29,-0.494,2.96
2025-07-31,6339.39,16.72,61.7,4.37,3.94,2.39,-0.516,2.86
2025-08-31,6460.26,15.36,58.2,4.23,3.59,2.41,-0.524,2.84
2025-09-30,6688.46,16.28,55.1,4.16,3.6,2.36,-0.523,2.8
2025-10-31,6840.2,17.44,53.6,4.11,3.6,2.3,-0.51,2.94
2025-11-30,6849.09,16.35,51.0,4.02,3.47,2.23,-0.506,2.92
2025-12-31,6845.5,14.95,52.9,4.18,3.47,2.25,-0.534,2.81
2026-01-31,6939.03,17.44,56.4,4.26,3.52,2.36,-0.56,2.88
2026-02-28,6878.88,19.86,56.6,3.97,3.38,2.25,-0.504,3.12
2026-03-31,6528.52,25.25,53.3,4.3,3.79,2.3,-0.454,3.28
2026-04-30,7209.01,16.89,49.8,4.4,3.88,2.46,-0.487,2.83
2026-05-31,7580.06,15.32,,4.45,3.98,2.38,-0.504,2.74
2026-06-30,7500.58,18.44,,4.49,4.2,2.25,-0.505,2.63
